{"cameraMode":{"drawMode":0,"name":"Shaded","section":"Shading Mode"},"sceneLighting":true,"audioPlay":false,"sceneViewState":{"showFog":true,"showMaterialUpdate":true,"showSkybox":true,"showFlares":true,"showImageEffects":true,"showParticleSystems":true},"in2DMode":false,"pivot":{"x":3076.818603515625,"y":-811.8958129882813,"z":1091.9180908203125},"rotation":{"x":0.11091466248035431,"y":0.5811887979507446,"z":-0.08036099374294281,"w":0.8021594285964966},"size":3109.051025390625,"orthographic":false}