{"cameraMode":{"drawMode":0,"name":"Shaded","section":"Shading Mode"},"sceneLighting":true,"audioPlay":false,"sceneViewState":{"showFog":true,"showMaterialUpdate":true,"showSkybox":true,"showFlares":true,"showImageEffects":true,"showParticleSystems":true},"in2DMode":false,"pivot":{"x":377.2938537597656,"y":240.2086181640625,"z":-488.21124267578127},"rotation":{"x":-0.10778293013572693,"y":0.29437968134880068,"z":0.03343403339385986,"w":0.9490025043487549},"size":31.3551082611084,"orthographic":false}