{"cameraMode":{"drawMode":0,"name":"Shaded","section":"Shading Mode"},"sceneLighting":false,"audioPlay":false,"sceneViewState":{"showFog":true,"showMaterialUpdate":true,"showSkybox":true,"showFlares":true,"showImageEffects":true,"showParticleSystems":true},"in2DMode":false,"pivot":{"x":133.87652587890626,"y":10.077239990234375,"z":-92.63896942138672},"rotation":{"x":0.0016723780427128077,"y":0.9666498899459839,"z":-0.25601834058761599,"w":0.006316293962299824},"size":12.378859519958496,"orthographic":false}