{"cameraMode":{"drawMode":0,"name":"Shaded","section":"Shading Mode"},"sceneLighting":true,"audioPlay":false,"sceneViewState":{"showFog":true,"showMaterialUpdate":true,"showSkybox":true,"showFlares":true,"showImageEffects":true,"showParticleSystems":true},"in2DMode":false,"pivot":{"x":508.25909423828127,"y":36.733280181884769,"z":450.43017578125},"rotation":{"x":0.12739959359169007,"y":-0.2728174924850464,"z":0.03647487983107567,"w":0.9528954029083252},"size":0.008517980575561524,"orthographic":false}