{"cameraMode":{"drawMode":0,"name":"Shaded","section":"Shading Mode"},"sceneLighting":true,"audioPlay":false,"sceneViewState":{"showFog":true,"showMaterialUpdate":true,"showSkybox":true,"showFlares":true,"showImageEffects":true,"showParticleSystems":true},"in2DMode":false,"pivot":{"x":115.74594116210938,"y":1.564366340637207,"z":-128.9312286376953},"rotation":{"x":-0.0005442675319500268,"y":0.9888529181480408,"z":-0.14885105192661286,"w":-0.0036095797549933197},"size":48.98075866699219,"orthographic":false}