{"cameraMode":{"drawMode":0,"name":"Shaded","section":"Shading Mode"},"sceneLighting":true,"audioPlay":false,"sceneViewState":{"showFog":true,"showMaterialUpdate":true,"showSkybox":true,"showFlares":true,"showImageEffects":true,"showParticleSystems":true},"in2DMode":false,"pivot":{"x":759.0923461914063,"y":56.397216796875,"z":-128.5643768310547},"rotation":{"x":0.05891699716448784,"y":0.8203637599945068,"z":-0.08596307784318924,"w":0.5622655749320984},"size":639.7835693359375,"orthographic":false}