{"cameraMode":{"drawMode":0,"name":"Shaded","section":"Shading Mode"},"sceneLighting":true,"audioPlay":false,"sceneViewState":{"showFog":true,"showMaterialUpdate":true,"showSkybox":true,"showFlares":true,"showImageEffects":true,"showParticleSystems":true},"in2DMode":false,"pivot":{"x":-2.999861717224121,"y":2.100247383117676,"z":3.9355545043945314},"rotation":{"x":-0.16481152176856996,"y":0.7314109206199646,"z":-0.19019410014152528,"w":-0.6337991952896118},"size":40.010372161865237,"orthographic":false}