{"cameraMode":{"drawMode":0,"name":"Shaded","section":"Shading Mode"},"sceneLighting":true,"audioPlay":false,"sceneViewState":{"showFog":true,"showMaterialUpdate":true,"showSkybox":true,"showFlares":true,"showImageEffects":true,"showParticleSystems":true},"in2DMode":false,"pivot":{"x":1262.85009765625,"y":-700.938232421875,"z":-2617.422119140625},"rotation":{"x":0.022654442116618158,"y":0.9762925505638123,"z":-0.1275372952222824,"w":0.17341865599155427},"size":3379.497314453125,"orthographic":false}