{"cameraMode":{"drawMode":0,"name":"Shaded","section":"Shading Mode"},"sceneLighting":true,"audioPlay":false,"sceneViewState":{"showFog":true,"showMaterialUpdate":true,"showSkybox":true,"showFlares":true,"showImageEffects":true,"showParticleSystems":true},"in2DMode":false,"pivot":{"x":0.0,"y":1.4715003967285157,"z":0.10000038146972656},"rotation":{"x":0.05172376334667206,"y":0.07632233947515488,"z":-0.003964576870203018,"w":0.995732843875885},"size":81.00239562988281,"orthographic":false}