{"cameraMode":{"drawMode":0,"name":"Shaded","section":"Shading Mode"},"sceneLighting":true,"audioPlay":false,"sceneViewState":{"showFog":true,"showMaterialUpdate":true,"showSkybox":true,"showFlares":true,"showImageEffects":true,"showParticleSystems":true},"in2DMode":false,"pivot":{"x":2286.101318359375,"y":-638.42724609375,"z":-133.2528076171875},"rotation":{"x":0.09384205937385559,"y":0.7215466499328613,"z":-0.09976888447999954,"w":0.678682804107666},"size":2367.72802734375,"orthographic":false}